{
  "version": 1,
  "author": "Akshaya S.L",
  "editor": "wokwi",
  "parts": [
    { "type": "wokwi-arduino-uno", "id": "uno", "top": -201, "left": 37.8, "attrs": {} },
    {
      "type": "wokwi-hc-sr04",
      "id": "ultrasonic1",
      "top": -463.9,
      "left": -362.9,
      "rotate": 270,
      "attrs": { "distance": "400" }
    },
    {
      "type": "wokwi-hc-sr04",
      "id": "ultrasonic2",
      "top": -233.5,
      "left": -362.9,
      "rotate": 270,
      "attrs": {}
    },
    {
      "type": "wokwi-hc-sr04",
      "id": "ultrasonic3",
      "top": -3.1,
      "left": -362.9,
      "rotate": 270,
      "attrs": {}
    },
    {
      "type": "wokwi-lcd1602",
      "id": "lcd2",
      "top": -492.8,
      "left": 15.2,
      "attrs": { "pins": "i2c" }
    },
    {
      "type": "board-esp32-c3-devkitm-1",
      "id": "esp1",
      "top": -317.1,
      "left": 428.22,
      "attrs": {}
    },
    { "type": "wokwi-vcc", "id": "vcc1", "top": -18.44, "left": 460.8, "attrs": {} },
    { "type": "wokwi-gnd", "id": "gnd1", "top": -9.6, "left": 498.6, "attrs": {} },
    { "type": "wokwi-vcc", "id": "vcc2", "top": -18.44, "left": 422.4, "attrs": {} }
  ],
  "connections": [
    [ "uno:GND.2", "ultrasonic3:GND", "black", [ "v0" ] ],
    [ "uno:GND.2", "ultrasonic2:GND", "black", [ "v38.3", "h-418.5", "v-240" ] ],
    [ "uno:GND.2", "ultrasonic1:GND", "black", [ "v57.5", "h-389.7", "v-537.6" ] ],
    [ "esp1:GND.2", "uno:GND.2", "black", [ "h-57.6", "v374.4", "h-153.6" ] ],
    [ "esp1:TX", "uno:10", "#8f4814", [ "h26.38", "v-19.2", "h-345.6", "v-19.2" ] ],
    [ "lcd2:GND", "uno:GND.2", "black", [ "h38.4", "v508.8", "h-134.4" ] ],
    [ "lcd2:VCC", "uno:5V", "red", [ "h48", "v527.9", "h-153.6" ] ],
    [ "ultrasonic3:VCC", "uno:5V", "red", [ "h441.6" ] ],
    [ "ultrasonic2:VCC", "uno:5V", "red", [ "h76.8", "v249.6", "h364.8" ] ],
    [ "ultrasonic1:VCC", "uno:5V", "red", [ "h67.2", "v499.2", "h374.4" ] ],
    [ "esp1:3V3.1", "uno:3.3V", "orange", [ "h-48", "v451.2", "h-182.4" ] ],
    [ "esp1:RST", "uno:3.3V", "orange", [ "h-48", "v403.2", "h-182.4" ] ],
    [ "esp1:RX", "uno:11", "purple", [ "h35.98", "v-38.4", "h-364.8" ] ],
    [ "lcd2:SDA", "uno:A4", "green", [ "h76.8", "v460.6", "h-96" ] ],
    [ "lcd2:SCL", "uno:A5", "blue", [ "h86.4", "v479.7", "h-96" ] ],
    [
      "uno:2",
      "ultrasonic3:TRIG",
      "blue",
      [ "v-19.2", "h-255.1", "v230.4", "h-240", "v0", "h0", "v9.6" ]
    ],
    [
      "ultrasonic3:ECHO",
      "uno:3",
      "yellow",
      [ "h28.8", "v-18.4", "h230.4", "v-220.8", "h249.6" ]
    ],
    [ "uno:4", "ultrasonic2:TRIG", "green", [ "v-38.4", "h-447.3", "v9.6" ] ],
    [ "uno:5", "ultrasonic2:ECHO", "orange", [ "v-48", "h-447.4", "v9.6" ] ],
    [ "uno:6", "ultrasonic1:TRIG", "cyan", [ "v-163.2", "h-399.5", "v-115.2" ] ],
    [ "uno:7", "ultrasonic1:ECHO", "magenta", [ "v-153.6", "h-380.4", "v-134.4" ] ],
    [ "vcc1:VCC", "uno:5V", "red", [ "v163.2", "h-278.4" ] ],
    [ "gnd1:GND", "uno:GND.2", "black", [ "v0", "h28.8", "v134.4", "h-326.4" ] ],
    [ "vcc2:VCC", "uno:3.3V", "orange", [ "v163.2", "h-240" ] ]
  ],
  "dependencies": {}
}